model,rmse,mae,r2
LinearRegression,2.957454179411514,1.486003504699557,0.930984277599521
GBTRegression,4.170624717027388,1.6231287281473523,0.8627494118401831
