tip_category,trip_count,avg_miles,avg_minutes
High Tip,95350,3.44454,13.104917
Medium Tip,120156,6.2835827,19.632713
No Tip,2156412,4.5986605,15.527621
Low Tip,75515,5.0843425,16.435486
